username,user id,access hash,group,group id
camillo_lafrappe,817602649,374969027671819988,Buddybank codice amico,1274388832
eldora14,429462358,-512136444078559549,Buddybank codice amico,1274388832
GabibboNazionale,1975717089,7927953439201003398,Buddybank codice amico,1274388832
alfosic,1807369903,-6768985040261008072,Buddybank codice amico,1274388832
clipper74,465043472,-2941003540206681961,Buddybank codice amico,1274388832
krvju,546594539,3750401085820246048,Buddybank codice amico,1274388832
Dubrasieiuu1995,558730926,3007631803626220839,Buddybank codice amico,1274388832
lisalisa79,1312794470,-8548403348400797869,Buddybank codice amico,1274388832
Lui_41,329971476,7124285702346030400,Buddybank codice amico,1274388832
badneed,819292739,-3836897058485927800,Buddybank codice amico,1274388832
Marxz_03,283960706,-4972202178107778066,Buddybank codice amico,1274388832
K3kk091,590915369,537756023917453556,Buddybank codice amico,1274388832
Anto2485,885009996,-8108664773741892962,Buddybank codice amico,1274388832
simbo0,327579648,8171649720938741712,Buddybank codice amico,1274388832
resigners,5766301094,-6776964421525204652,Buddybank codice amico,1274388832
servxe89,130364961,4384869297801880626,Buddybank codice amico,1274388832
HEISENBERG994,377826774,-3954195635465165758,Buddybank codice amico,1274388832
Blackhope20,525011889,3740572184349509348,Buddybank codice amico,1274388832
arionpew,1248317455,-1717221572400381086,Buddybank codice amico,1274388832
SonoIlGiovaneAcquaFina0,293393943,5032753584724126017,Buddybank codice amico,1274388832
finestbudz,267619487,5210475028449550371,Buddybank codice amico,1274388832
mannnnnn98,5215481589,-5523726123517843961,Buddybank codice amico,1274388832
Marcela_hj,963625199,1962587412782037673,Buddybank codice amico,1274388832
verzal_9,5560650092,4441722596908228967,Buddybank codice amico,1274388832
qudbeidb,240636187,-6473914894663461791,Buddybank codice amico,1274388832
ejndira,805647393,-5856979833675260392,Buddybank codice amico,1274388832
aristiofusco,5378878831,7081883978879923967,Buddybank codice amico,1274388832
Mikesel17,358529904,-5472189892306445430,Buddybank codice amico,1274388832
Sarto0,2099773820,-322834469386214407,Buddybank codice amico,1274388832
,888109264,2000249019962706221,Buddybank codice amico,1274388832
Michypay999,119453760,1040418505019834279,Buddybank codice amico,1274388832
fed010101,1449216482,2690414916958967593,Buddybank codice amico,1274388832
deepsea_95,681216911,-2806268644384919194,Buddybank codice amico,1274388832
Ricgian,5674248317,4441748161010408609,Buddybank codice amico,1274388832
asalv03,585759069,8697373750153745363,Buddybank codice amico,1274388832
robby0990,360336204,-6645383634939696436,Buddybank codice amico,1274388832
ProdDALE,428461647,4766018573649550601,Buddybank codice amico,1274388832
darakuT,368876460,-2754055271883385467,Buddybank codice amico,1274388832
al3837,800029232,-100498440480689427,Buddybank codice amico,1274388832
kittemuort,167232563,-90425715176345518,Buddybank codice amico,1274388832
shadow_shaker,285035671,-4077232364557170764,Buddybank codice amico,1274388832
paino93,1884354694,-4207637395933262418,Buddybank codice amico,1274388832
Marcovisceglie,523366926,9067251913803627799,Buddybank codice amico,1274388832
rebi134,1739909523,1418308828492207146,Buddybank codice amico,1274388832
GabrieledelGiudice,486687595,-6306735183799019718,Buddybank codice amico,1274388832
Paky19C,778644245,7757926117119556734,Buddybank codice amico,1274388832
Matt0_0_0,435336709,-5285540232070804377,Buddybank codice amico,1274388832
noctis_lucis_caelum17,934985075,-7241011971488815876,Buddybank codice amico,1274388832
,937961504,-3896118355784761512,Buddybank codice amico,1274388832
Pupo_28,969277701,2831791319977277187,Buddybank codice amico,1274388832
angelicafff,736864687,-6931576477903478653,Buddybank codice amico,1274388832
janco_esp,696446547,-6119818365901552978,Buddybank codice amico,1274388832
veroo2929,5289520052,-8870866521629388340,Buddybank codice amico,1274388832
,291584952,-4267333983449702415,Buddybank codice amico,1274388832
Gametebondo,5355533870,-5503422075874672003,Buddybank codice amico,1274388832
letizia2000,5031251066,6356767166043669577,Buddybank codice amico,1274388832
trane4f,204576202,692934555275015873,Buddybank codice amico,1274388832
TakiPM,1585734301,-8931977768502330607,Buddybank codice amico,1274388832
lorelamu,601911007,6180604055740534748,Buddybank codice amico,1274388832
Gianlmm,130901031,282506597191053340,Buddybank codice amico,1274388832
Ant00E,1129660502,5093068999795905797,Buddybank codice amico,1274388832
michco10,1056711442,-1507534674143666105,Buddybank codice amico,1274388832
ciruzzoo,684818792,569292913360915536,Buddybank codice amico,1274388832
lorenzolotto1,745459112,-4949314009856399650,Buddybank codice amico,1274388832
franci1233,1040224146,4673489334697112635,Buddybank codice amico,1274388832
saltaree,1084808655,-2309402591057810519,Buddybank codice amico,1274388832
sasy011,5082176335,-2774017321699375767,Buddybank codice amico,1274388832
oidocrop420,309631334,-483936042768052573,Buddybank codice amico,1274388832
,2133058342,8189213901262346813,Buddybank codice amico,1274388832
Imbula,833623655,8911420352195168443,Buddybank codice amico,1274388832
Nuccin0,145444102,1850617593019036349,Buddybank codice amico,1274388832
Al33333,765244651,4101434784195753953,Buddybank codice amico,1274388832
Enricolerta,650340961,-8673557893802632466,Buddybank codice amico,1274388832
Pietrodoc,1529172819,5535031885411500944,Buddybank codice amico,1274388832
sabit2fye,739659845,8628950683119342051,Buddybank codice amico,1274388832
Esseamu,602044400,-8925357909527490833,Buddybank codice amico,1274388832
telepandemiachannel,133096824,3404150616820085074,Buddybank codice amico,1274388832
Ale199898,531359245,-1962681999271511681,Buddybank codice amico,1274388832
Vrridd,692423264,9028747488669860812,Buddybank codice amico,1274388832
iropiro,1222993071,481336982623122589,Buddybank codice amico,1274388832
jonsonbellentu,234923033,-3715576564755819356,Buddybank codice amico,1274388832
,1345317660,6172780663862400432,Buddybank codice amico,1274388832
ndeloo,868585878,-2931830401349437094,Buddybank codice amico,1274388832
FliFlops,330064091,-1305114268898844678,Buddybank codice amico,1274388832
Mohamedmountahi,680105212,1818221727261604264,Buddybank codice amico,1274388832
Errederoma12,318248191,1883823503113896320,Buddybank codice amico,1274388832
Angelo_Mastrodomenico,697459383,-4416522210236920538,Buddybank codice amico,1274388832
,805340425,-7388748650280074979,Buddybank codice amico,1274388832
mammaatempopienooo,990087496,-3805988667964020651,Buddybank codice amico,1274388832
,5253454752,7254781569720584762,Buddybank codice amico,1274388832
plaxerrr,316303889,2283278349363104522,Buddybank codice amico,1274388832
B0nvi,1039925051,-2463649707359166851,Buddybank codice amico,1274388832
luucaa27,492186063,3391907726049394540,Buddybank codice amico,1274388832
unkkkkju,2038642808,-3522037323851397224,Buddybank codice amico,1274388832
antonio302,161550212,7852500083896304995,Buddybank codice amico,1274388832
maria_15950,5779675413,7447872064803583674,Buddybank codice amico,1274388832
agostinodarrigo,555622946,8030551268368860638,Buddybank codice amico,1274388832
Domao94,46535683,-3112249839983215315,Buddybank codice amico,1274388832
Antonellos,270456145,1816846187412288978,Buddybank codice amico,1274388832
leonardog05,508301839,-5662259641935705209,Buddybank codice amico,1274388832
erasmo_cotesta,424753219,3324945122345477704,Buddybank codice amico,1274388832
,5365303686,-132126183461540426,Buddybank codice amico,1274388832
Robixia8766,73595493,1916635075585581815,Buddybank codice amico,1274388832
bssxx,462774018,-2882811587534654615,Buddybank codice amico,1274388832
torero420,703224120,-6854735299673328277,Buddybank codice amico,1274388832
giancasky,766874303,-5268402880884949120,Buddybank codice amico,1274388832
stapizza,369354723,-6309852599694156707,Buddybank codice amico,1274388832
Bailandogia,1154607665,508584746845694687,Buddybank codice amico,1274388832
xsige,1176028231,-1565125049322022463,Buddybank codice amico,1274388832
seba0000,369805995,7984164640537258317,Buddybank codice amico,1274388832
Pempy123,636105490,-4192901776090417359,Buddybank codice amico,1274388832
Robyy_SHADOW,732529781,5863155092545310272,Buddybank codice amico,1274388832
,5517508019,2671006756264415924,Buddybank codice amico,1274388832
AnimaFragile,1332772640,-8359245882582992975,Buddybank codice amico,1274388832
valerio1o,429294791,-6267357069796674379,Buddybank codice amico,1274388832
Yhormx,1314775529,-5531331092507003821,Buddybank codice amico,1274388832
itslou,584565261,-8847399775928950815,Buddybank codice amico,1274388832
Gio19_07,5077365740,-4617063095773763072,Buddybank codice amico,1274388832
hakimcr763,925960754,8499616233458401997,Buddybank codice amico,1274388832
Jachi15,862467047,3869483370964741585,Buddybank codice amico,1274388832
Pepotto87,317468519,-2147461012229469654,Buddybank codice amico,1274388832
lwsso,843239966,619597836467180815,Buddybank codice amico,1274388832
Balugoci,795264075,-3902790639177277659,Buddybank codice amico,1274388832
dcose12,1262498768,8681952814621345966,Buddybank codice amico,1274388832
danielefab13,756329610,2218275657507878650,Buddybank codice amico,1274388832
andreewnw,2086645241,8701298256953544374,Buddybank codice amico,1274388832
PaoloDicuonzo,328692494,-8362444036957575292,Buddybank codice amico,1274388832
Uncristianoqualunque,546273431,6734936633260173754,Buddybank codice amico,1274388832
,547801286,-9056591045692949708,Buddybank codice amico,1274388832
mm8173,743619242,-7776692196472829019,Buddybank codice amico,1274388832
davideX91,1265980475,-1219904557787934231,Buddybank codice amico,1274388832
Ema2400,403765795,-7552735461316245859,Buddybank codice amico,1274388832
Salvatore2606,1369194333,4989092992048276071,Buddybank codice amico,1274388832
andreabb,890014703,-8840786969889707341,Buddybank codice amico,1274388832
Blast_roid,1304733424,-6216781441999787802,Buddybank codice amico,1274388832
forsesonolore,315313819,-3931944914937902973,Buddybank codice amico,1274388832
ancoravivoevegeto,346079289,-6309669965088575427,Buddybank codice amico,1274388832
giobin18,613606732,-8652330791266211062,Buddybank codice amico,1274388832
DarkSiria36,473829575,4964173735036648244,Buddybank codice amico,1274388832
Mbah_Davd,945505458,1530999950317441871,Buddybank codice amico,1274388832
pepp8ta,1157325105,7913401043728998618,Buddybank codice amico,1274388832
Criark,223450555,1932762969156796499,Buddybank codice amico,1274388832
nik_anto,1120094165,5554546727548181369,Buddybank codice amico,1274388832
Nick2000_00,587867171,-4206174539087174430,Buddybank codice amico,1274388832
Med9810,1083112223,-4154670105848397919,Buddybank codice amico,1274388832
pietrogali,127404408,335926254862322873,Buddybank codice amico,1274388832
Crisc_22,760515958,4422714214786900716,Buddybank codice amico,1274388832
Gattor01,162416991,5467463854729284465,Buddybank codice amico,1274388832
guidolig,700643024,806021818543845478,Buddybank codice amico,1274388832
simonadesimone,5302026370,6885686340051411384,Buddybank codice amico,1274388832
principessasissiii,1981876901,7766983316205819697,Buddybank codice amico,1274388832
CN_Infinity,681156416,8497481120700625580,Buddybank codice amico,1274388832
vittocecchini,409072711,4123363985042024104,Buddybank codice amico,1274388832
Audi161909,1127757004,-7807929734768663737,Buddybank codice amico,1274388832
Willbadboi,1060346227,843225117987879192,Buddybank codice amico,1274388832
Prestazione,2017742593,-4874349665960912762,Buddybank codice amico,1274388832
Carmine2110,591578033,-5665479748222748814,Buddybank codice amico,1274388832
Raffaella26,1145001221,-731309856017376009,Buddybank codice amico,1274388832
Luigi83859,1307567829,-7596128559181532279,Buddybank codice amico,1274388832
giggio1926,578395855,1783275320178548997,Buddybank codice amico,1274388832
antoniodellaquila,496835686,1807883570109228721,Buddybank codice amico,1274388832
Persecut0re,1817939376,477381004763958642,Buddybank codice amico,1274388832
Enientee,1417484774,-490328607735769048,Buddybank codice amico,1274388832
MS_0105,952911745,1840988435030027807,Buddybank codice amico,1274388832
CGAMCMCLACML,572429942,-7234418228810684103,Buddybank codice amico,1274388832
LuGre_Milo,5476069360,-6562641278918867903,Buddybank codice amico,1274388832
MnTelefonia,315528078,-763830175211130974,Buddybank codice amico,1274388832
onlyarmand,1679584134,-1381696332999046288,Buddybank codice amico,1274388832
newyo27,5267489478,3714164635565187496,Buddybank codice amico,1274388832
Engy93,3832983,1299460875057709237,Buddybank codice amico,1274388832
leo1806,492550222,1024961207696470610,Buddybank codice amico,1274388832
u_mest55,1032111182,-6252040913562844887,Buddybank codice amico,1274388832
peppegatto78,1485049215,7649709351905779703,Buddybank codice amico,1274388832
Thepeoplestyle,928535900,-573787260580828303,Buddybank codice amico,1274388832
Fed3ri,278424758,6112212948009096090,Buddybank codice amico,1274388832
Aleeeabc,1071426392,-7512194674895076134,Buddybank codice amico,1274388832
lucalozzl,1075106610,3138631483494109038,Buddybank codice amico,1274388832
Vittooz,162378215,-4466453287394592619,Buddybank codice amico,1274388832
liukpappalard,179799089,5322283518400411066,Buddybank codice amico,1274388832
signdudy,182520869,-4033687310764113691,Buddybank codice amico,1274388832
Rshok94,5241168869,-2180866022640489545,Buddybank codice amico,1274388832
CLMA01,2111436576,-7101866246881190841,Buddybank codice amico,1274388832
matteo15,951484790,4664905676523842927,Buddybank codice amico,1274388832
Vodkamelon,640411979,7688120434569780011,Buddybank codice amico,1274388832
FontaSk,397536672,-1723285184746652138,Buddybank codice amico,1274388832
Mariagrazia_co,1052487419,2608051746661461419,Buddybank codice amico,1274388832
jasserd,1716327800,5011414728701625717,Buddybank codice amico,1274388832
Alessandroo14,645419754,-4899306514423235894,Buddybank codice amico,1274388832
user_fra,358538306,-598423481274125320,Buddybank codice amico,1274388832
mikihhj,646091116,-1724119573014872108,Buddybank codice amico,1274388832
Cristian200111,1342039713,3379421190055455234,Buddybank codice amico,1274388832
Arbalest990,656617766,4922026114338870633,Buddybank codice amico,1274388832
ab1312ab,759093232,40303585981932155,Buddybank codice amico,1274388832
AlphaWGT,2049954894,-7171084150701747296,Buddybank codice amico,1274388832
Marioanaooaka,5158848348,9116498814937071023,Buddybank codice amico,1274388832
A4284254,713528557,-7011671047676974126,Buddybank codice amico,1274388832
MarcoCS,64390197,-8751475725034046835,Buddybank codice amico,1274388832
solosszm,519070250,7125929108734716602,Buddybank codice amico,1274388832
lyacka,896329281,2832244863565529591,Buddybank codice amico,1274388832
dreamondrama,862032711,1358327623398342298,Buddybank codice amico,1274388832
Makathebenz0,515518328,6584417222112060553,Buddybank codice amico,1274388832
TheKyvGuy,167631349,1857822806515494180,Buddybank codice amico,1274388832
ddeeenn,798446342,-1305665038705072884,Buddybank codice amico,1274388832
MariamY02,1746031732,7391661889417275386,Buddybank codice amico,1274388832
Chrisesp02,1035231648,-9122829682622647378,Buddybank codice amico,1274388832
mancrypeople,5152424128,-6119357504693403442,Buddybank codice amico,1274388832
lamiafamigliailmioamore,413028126,-8711455663015524040,Buddybank codice amico,1274388832
Catrame01,665480264,1533438702598571056,Buddybank codice amico,1274388832
Signorcazzo,1884540460,-2786016904143466282,Buddybank codice amico,1274388832
lionsince2000,302855552,-3857388770495685238,Buddybank codice amico,1274388832
Ilmigliorebro,437682434,5478121501677384770,Buddybank codice amico,1274388832
Er_sentenza,281252892,-2016722703481574644,Buddybank codice amico,1274388832
Sing919190,1793198862,2201297548423428095,Buddybank codice amico,1274388832
francescobeggiao,553970647,222006378946278191,Buddybank codice amico,1274388832
Atlantay,581434872,7451458302004435310,Buddybank codice amico,1274388832
sickdiego,199465585,7887087162208798910,Buddybank codice amico,1274388832
Pierrr29,503515010,-3220569319050389132,Buddybank codice amico,1274388832
lpwdo,5183150745,-7613483016600308338,Buddybank codice amico,1274388832
JosephFL,350046178,-1659038061649062708,Buddybank codice amico,1274388832
Jo65gu87,170897105,1557272466764936552,Buddybank codice amico,1274388832
cialtronegod,180404747,-3101497463842702054,Buddybank codice amico,1274388832
,1071296844,-1889555984420260882,Buddybank codice amico,1274388832
NickGumpi,609190391,-8228893574619049158,Buddybank codice amico,1274388832
luchette98,417803306,2009957564989366340,Buddybank codice amico,1274388832
Luca_4a,5465748069,-7753022921032943364,Buddybank codice amico,1274388832
,286364905,1417659737944593779,Buddybank codice amico,1274388832
marydanto,808543141,-2391638842097357429,Buddybank codice amico,1274388832
pheelep,501410717,-812721756971719967,Buddybank codice amico,1274388832
cipu01,941331566,5127424027690923255,Buddybank codice amico,1274388832
mtelegram10,1827971862,3918578133704077723,Buddybank codice amico,1274388832
Ideos85,79994102,-7206415883360803482,Buddybank codice amico,1274388832
Bafpeg,609484280,7309951581860653528,Buddybank codice amico,1274388832
Landos04,561919892,4131358194345650446,Buddybank codice amico,1274388832
daddalollo,538910631,2920443328222652334,Buddybank codice amico,1274388832
IlDelo,154956165,8060687023347900312,Buddybank codice amico,1274388832
peppe224,576719275,71189801416938095,Buddybank codice amico,1274388832
,563671663,-597389597391349697,Buddybank codice amico,1274388832
kilunadeath,1116245809,8086278142346049952,Buddybank codice amico,1274388832
AnnaHerz,141751982,7170510251373131834,Buddybank codice amico,1274388832
Pablo_Ciccio,975685613,-995359664448329308,Buddybank codice amico,1274388832
turatura1,784000921,1187155847114625748,Buddybank codice amico,1274388832
Fede0800,752968711,-6471834635612837711,Buddybank codice amico,1274388832
El3onor4c3cch1,1953113100,2136155333056537007,Buddybank codice amico,1274388832
Matte5,1057538990,-3621713796180794063,Buddybank codice amico,1274388832
Dandi_79,27917950,-2343884381625086125,Buddybank codice amico,1274388832
Slender9090,397944693,3982533148844167838,Buddybank codice amico,1274388832
frank_bervi,815426305,4797212347704541276,Buddybank codice amico,1274388832
orix96,1118086786,1128885652913570418,Buddybank codice amico,1274388832
Jirensss,1125052503,-6946224867204975286,Buddybank codice amico,1274388832
,5194940237,-3808843009373740563,Buddybank codice amico,1274388832
,5040812635,516303663238108203,Buddybank codice amico,1274388832
gianluca671,837335024,-2693051348689221422,Buddybank codice amico,1274388832
Mrdicomex,1066086404,2580282521967436251,Buddybank codice amico,1274388832
Giovannifull,1831937578,-3703312347809690331,Buddybank codice amico,1274388832
STAGsoldier12,389428596,1092912579977356443,Buddybank codice amico,1274388832
LeoCri02,166575766,3552213657158713381,Buddybank codice amico,1274388832
carlo191_17,312702138,6807866959441781232,Buddybank codice amico,1274388832
,1046536157,6277809767854143650,Buddybank codice amico,1274388832
causeofend,2014868156,-4432147813552091464,Buddybank codice amico,1274388832
Cartesiobenz,656251296,-832349557771160265,Buddybank codice amico,1274388832
Gabriel3,124354164,-4295096418368835607,Buddybank codice amico,1274388832
MartsHack,153764309,2136409150586172855,Buddybank codice amico,1274388832
EdoardoBru,651834726,-2437331895874068169,Buddybank codice amico,1274388832
sofede0,747749763,1716212289077753261,Buddybank codice amico,1274388832
Eraclitoride,136773697,4094566816744875166,Buddybank codice amico,1274388832
YuriFos,563857429,7477612558722502778,Buddybank codice amico,1274388832
Vinceee98,598515860,-3947761986371535835,Buddybank codice amico,1274388832
svg6789,480028233,-3598839056215025375,Buddybank codice amico,1274388832
joecarpy,959575485,-8270351492708163989,Buddybank codice amico,1274388832
doctor_fra0,348616827,4324587615363934224,Buddybank codice amico,1274388832
gggjjkkjil,532344277,1701564324372213148,Buddybank codice amico,1274388832
RickyGod5,207474203,3841328012957726778,Buddybank codice amico,1274388832
,277252652,-6481875440285737552,Buddybank codice amico,1274388832
solenneg,1380363046,-8382262641023493297,Buddybank codice amico,1274388832
Rafaleao_meravigliao,776184955,-6960296278186394911,Buddybank codice amico,1274388832
edoooo02,1071091531,-4061433909785302096,Buddybank codice amico,1274388832
Cuttyflamex,67509770,5962578614374569191,Buddybank codice amico,1274388832
d_runco,1113762737,-3273827686059085605,Buddybank codice amico,1274388832
Diabolik77gs,1793662801,5666774747028923560,Buddybank codice amico,1274388832
Ilmionomenonhasenso,145371462,6666398706993455862,Buddybank codice amico,1274388832
andrea9234,1265340749,2059776920620557714,Buddybank codice amico,1274388832
boarotosgravato,1308644672,-8254644597598447042,Buddybank codice amico,1274388832
sara2344,860318684,3733834327335275046,Buddybank codice amico,1274388832
diegod00,129479360,5792500236162667855,Buddybank codice amico,1274388832
kekkomo,381632350,7952582555259106373,Buddybank codice amico,1274388832
Im00001010,124886770,4163853464357640783,Buddybank codice amico,1274388832
mountassir_zakaria,1372398245,3753888956852652803,Buddybank codice amico,1274388832
il_vostro_amato_cippo,845425546,5048821814252350127,Buddybank codice amico,1274388832
ChronoCrusade,685001525,-4075854545189645037,Buddybank codice amico,1274388832
PsycoBitch,199602020,8446566372236170093,Buddybank codice amico,1274388832
Aleandrodelaverna,149344262,-3109987584487762842,Buddybank codice amico,1274388832
MAURONIX17,242474767,614678662318428720,Buddybank codice amico,1274388832
supermariobonus,5168178650,-7746022958090895780,Buddybank codice amico,1274388832
lrnz02,308318855,8986316429176817295,Buddybank codice amico,1274388832
cscanseeu,641346162,-1277730762151395249,Buddybank codice amico,1274388832
genjimmy,402194912,-6743221327161833694,Buddybank codice amico,1274388832
robertoema97,700839673,-1030229654186365868,Buddybank codice amico,1274388832
h4ndr34,392678357,-8281454753433643711,Buddybank codice amico,1274388832
Givannirane,426497486,-3681705736063409473,Buddybank codice amico,1274388832
stefanoli2,794227439,6960692906958791686,Buddybank codice amico,1274388832
jamorant17,455338412,8133380936612084400,Buddybank codice amico,1274388832
ronnieee20,670336751,-6153379484637028893,Buddybank codice amico,1274388832
marti3001,826843173,-4495633304467743543,Buddybank codice amico,1274388832
giuan4598,1479559570,-4833642344498295298,Buddybank codice amico,1274388832
godernia,617629960,-7449495603839350336,Buddybank codice amico,1274388832
renSac,182778561,1118075838616507517,Buddybank codice amico,1274388832
rox0902,881537587,7932700023828835458,Buddybank codice amico,1274388832
thorr54,5322139666,4724610272876552129,Buddybank codice amico,1274388832
Angelo2399,273398092,-2734327313411812296,Buddybank codice amico,1274388832
RR1709RR,703952340,6989332628282258155,Buddybank codice amico,1274388832
senonrappo,1307975245,-3960246867841580447,Buddybank codice amico,1274388832
Flaviooorusso,336329886,6779527254793070139,Buddybank codice amico,1274388832
JeJeJeJe25,370119474,-7833242234469430496,Buddybank codice amico,1274388832
Gigi9622,712803423,-2436401859664115880,Buddybank codice amico,1274388832
Angelus_19,238439400,-7433234689649135908,Buddybank codice amico,1274388832
Giovy00866,310500838,-3626895921123953616,Buddybank codice amico,1274388832
ekgenio,5001166206,2720111944103132380,Buddybank codice amico,1274388832
Noncoppomaiuncazzo,1992508694,-748007777554387035,Buddybank codice amico,1274388832
Er_malato,949926492,2376821330803675242,Buddybank codice amico,1274388832
ziglet,401185169,-6190004025993294831,Buddybank codice amico,1274388832
GennaDel,512482735,-4525126629050334325,Buddybank codice amico,1274388832
pepsonoio,1621239774,-8178257574984594252,Buddybank codice amico,1274388832
Giova2109,360817286,-5452669631944916006,Buddybank codice amico,1274388832
youngrick0,850734203,-856283924204681658,Buddybank codice amico,1274388832
,1381132383,5911179047590014478,Buddybank codice amico,1274388832
Skwkre,1040742373,4437013952734179147,Buddybank codice amico,1274388832
Blessed60,156390563,8884642275381452373,Buddybank codice amico,1274388832
matteeoo,375508482,-7162637172196404971,Buddybank codice amico,1274388832
kekkoo3,450907939,-4631462014625106174,Buddybank codice amico,1274388832
,1592040724,259909957895663500,Buddybank codice amico,1274388832
fooo03,724351143,641830219200732082,Buddybank codice amico,1274388832
Insomniapsd,209166774,2728479754738640640,Buddybank codice amico,1274388832
luigiuzzo,491666477,-748220810245332002,Buddybank codice amico,1274388832
Simonix_99,395016109,-7885080067311289846,Buddybank codice amico,1274388832
xjenniferxx,1450255566,8293795362273659440,Buddybank codice amico,1274388832
Edivad16,811842104,5779351425170244055,Buddybank codice amico,1274388832
Selene_tmb,708470960,-6659892289668874631,Buddybank codice amico,1274388832
x_boba_fett_x,1757037787,8507258100320793454,Buddybank codice amico,1274388832
il_milanese,5082094511,4970212227192662883,Buddybank codice amico,1274388832
Kekko27,1043520817,-7375954947711281605,Buddybank codice amico,1274388832
Just_Kunai,694032250,6783796079856893756,Buddybank codice amico,1274388832
simoar10,570872789,-4223707362020181851,Buddybank codice amico,1274388832
Nicolo90,2041954523,-6590353418235833376,Buddybank codice amico,1274388832
Colazz02,1237574613,-3806624030242924236,Buddybank codice amico,1274388832
MarcoAle27,134671079,5920826051622038438,Buddybank codice amico,1274388832
,2041984661,4232753085955101194,Buddybank codice amico,1274388832
I_Xx_JesusMalverde_xX_I,5130091730,-1432367994332677013,Buddybank codice amico,1274388832
RagazzoPeep,444141677,3447311467552235515,Buddybank codice amico,1274388832
augusto662,239155428,-1320302210679714923,Buddybank codice amico,1274388832
Carmen1013,240070019,-8866616665105693119,Buddybank codice amico,1274388832
cartesio_123,463254166,-3150763603942117532,Buddybank codice amico,1274388832
M10N4ak47,758087380,2374788579373449457,Buddybank codice amico,1274388832
francho_panza,93177461,1395735297022992543,Buddybank codice amico,1274388832
Alexmacky,1935023634,-217858421888987147,Buddybank codice amico,1274388832
Pasqualekito,1214898775,8048328049869735024,Buddybank codice amico,1274388832
,660294038,-6503967964301556669,Buddybank codice amico,1274388832
CasBud,1476438065,7141433626886532127,Buddybank codice amico,1274388832
Simonecavino,546060323,3048880404050993904,Buddybank codice amico,1274388832
,846252383,7470741576274615120,Buddybank codice amico,1274388832
nx_vd,395449246,612858491327794536,Buddybank codice amico,1274388832
alex260896,188716474,-8428594851999899972,Buddybank codice amico,1274388832
fede659,31834413,7857844400847961506,Buddybank codice amico,1274388832
av1829,115932400,-590419540177150825,Buddybank codice amico,1274388832
,1016354401,-4034564004850858270,Buddybank codice amico,1274388832
grov3e,1082315945,-3205485318557496446,Buddybank codice amico,1274388832
lino123456789,572762733,5223698886747590152,Buddybank codice amico,1274388832
Utghal96,5130033041,5237187506874141431,Buddybank codice amico,1274388832
Zeus12121212,141886555,-5704346481533900331,Buddybank codice amico,1274388832
,5163474675,-1426865974814330540,Buddybank codice amico,1274388832
Telesky90,99402483,4964095153285713943,Buddybank codice amico,1274388832
ale_150220,350776993,-8793007671378418265,Buddybank codice amico,1274388832
peppeiac,979627304,-3427136112429048620,Buddybank codice amico,1274388832
Intuitore,5041829751,1869888149958638514,Buddybank codice amico,1274388832
domquatraro,118159189,9097343794514588966,Buddybank codice amico,1274388832
ylenia_grassi06,1169352634,2340311683162257125,Buddybank codice amico,1274388832
,5213500896,-4646678561287447211,Buddybank codice amico,1274388832
genniip,629716132,5231427113018006273,Buddybank codice amico,1274388832
Feffed,972439567,-5013954604019524449,Buddybank codice amico,1274388832
piodirosario,219475394,-3625905633206143988,Buddybank codice amico,1274388832
Djdjsksjx,678886355,-3503847757804875771,Buddybank codice amico,1274388832
cic02,193168054,7833840261492924332,Buddybank codice amico,1274388832
rihabguerm,979287210,316030781558941204,Buddybank codice amico,1274388832
lucacht,529932100,4671765617138841586,Buddybank codice amico,1274388832
francescomarino02,167172511,4800482023453346551,Buddybank codice amico,1274388832
arn69a,783954872,3088457465769729917,Buddybank codice amico,1274388832
lello0547,545770348,-8793663139693770881,Buddybank codice amico,1274388832
strastorta,245489227,-6997335855471191029,Buddybank codice amico,1274388832
Nikurades,1427412001,-1167426262067308767,Buddybank codice amico,1274388832
ImDaviDeH,228700674,6047890953736341123,Buddybank codice amico,1274388832
Wil1111,735407188,-8658979090574834573,Buddybank codice amico,1274388832
Swicideh,216643753,5324007063481873417,Buddybank codice amico,1274388832
modsssssssss,680947502,3553120570099327475,Buddybank codice amico,1274388832
Pierluigi_999,975252932,8829175071387923383,Buddybank codice amico,1274388832
SickOfEveryone17,1088341313,-4288008794068134015,Buddybank codice amico,1274388832
EHC333,5056257079,-3487819465409598382,Buddybank codice amico,1274388832
GeppB,370574556,-2984706680323696005,Buddybank codice amico,1274388832
ricky7194,1029836554,9068292490069002662,Buddybank codice amico,1274388832
Cisco25,578122376,-4843950107417963588,Buddybank codice amico,1274388832
Feeqz000,447584086,-7254881912025758226,Buddybank codice amico,1274388832
kuska99,739518622,2877719322588758664,Buddybank codice amico,1274388832
michelesad,1954596489,633432300610524522,Buddybank codice amico,1274388832
zGenny,193434605,-9170113412941035666,Buddybank codice amico,1274388832
michele0223,497288050,5110311303503394582,Buddybank codice amico,1274388832
m97773,1868328330,-1107909228614561233,Buddybank codice amico,1274388832
alexdim96,145206101,-5489940381805769729,Buddybank codice amico,1274388832
JrgenWolfgang,1879717436,-6914938694136434045,Buddybank codice amico,1274388832
,1115753172,-1694661721630569335,Buddybank codice amico,1274388832
igilu,242192382,-4446212428205249689,Buddybank codice amico,1274388832
Beggia11,872030169,1088024476375994989,Buddybank codice amico,1274388832
dogdaysunset,5019252312,7991763689954748866,Buddybank codice amico,1274388832
Davide2904,184911912,3548961594330012240,Buddybank codice amico,1274388832
lorenzo00024,170251123,-1356524812795423321,Buddybank codice amico,1274388832
D3struct0r20,328638392,-5418628317045894946,Buddybank codice amico,1274388832
,777273655,7407193531545352977,Buddybank codice amico,1274388832
LucaBuonomini,472931744,5074515366082514235,Buddybank codice amico,1274388832
,1438199809,-3106575565546573790,Buddybank codice amico,1274388832
gugliuzzos,200086500,8703204329107954417,Buddybank codice amico,1274388832
Gabbbrr,911436683,-7336637496648964948,Buddybank codice amico,1274388832
Ge_noorbitalme,289588219,-1756105915401446536,Buddybank codice amico,1274388832
Mtz992,763067511,7891200632155757880,Buddybank codice amico,1274388832
,5002035177,8695173940479825111,Buddybank codice amico,1274388832
,5232334581,-387076861977371451,Buddybank codice amico,1274388832
francesco92763,219362118,-604394956214468297,Buddybank codice amico,1274388832
gianluxxz,1827906018,-2803067975111400262,Buddybank codice amico,1274388832
emenem07,747902234,5858743300586564314,Buddybank codice amico,1274388832
ddeeddaaa,751373982,-1810978433591265347,Buddybank codice amico,1274388832
Peppino08,518991831,3437211575145951971,Buddybank codice amico,1274388832
basikwear,696960871,3188110884792803085,Buddybank codice amico,1274388832
aaaaaapla,169815391,-1937533002594318569,Buddybank codice amico,1274388832
PeppePont,446015209,6619312491594229824,Buddybank codice amico,1274388832
,614968878,249788509430462201,Buddybank codice amico,1274388832
nellucciojpg,133138034,-8783550818133926283,Buddybank codice amico,1274388832
Chri28,508853949,-1229082909071555454,Buddybank codice amico,1274388832
LucaBixx,278081669,-4002197442282595301,Buddybank codice amico,1274388832
,1523691860,-7426914251944240641,Buddybank codice amico,1274388832
chepezzodiphi,1295830492,-328338686028499984,Buddybank codice amico,1274388832
Recepti0n,165662028,7388147439856884416,Buddybank codice amico,1274388832
Mattia0810,577605472,-4428642472858813229,Buddybank codice amico,1274388832
azazazazaz29,693374452,-5888731553903067976,Buddybank codice amico,1274388832
,5071777528,3009988157234416447,Buddybank codice amico,1274388832
zFranaPvP,105147427,-1661315195502727564,Buddybank codice amico,1274388832
Siennaham,5059528945,6380124758130544980,Buddybank codice amico,1274388832
cactusjacktraviss,247881079,-5043011725921698768,Buddybank codice amico,1274388832
,635397525,5313318300571923089,Buddybank codice amico,1274388832
Assu_i_bastuni,319255195,8157826501826137960,Buddybank codice amico,1274388832
,955138522,-8917072913191593806,Buddybank codice amico,1274388832
,889194530,1065603695985148325,Buddybank codice amico,1274388832
,893784182,8478773715682065097,Buddybank codice amico,1274388832
Manueloffredo,198685128,5874166567164754555,Buddybank codice amico,1274388832
,621936231,8631609865662105752,Buddybank codice amico,1274388832
fatagirl93,845672533,3968710566152265852,Buddybank codice amico,1274388832
Nicolas60606,684129297,3059025601700040341,Buddybank codice amico,1274388832
alto188carino,1138960834,6376521009814454103,Buddybank codice amico,1274388832
drgfntn,163240725,7313160876749339727,Buddybank codice amico,1274388832
AndreaCavallaroProductions,209519595,-7275948331291487056,Buddybank codice amico,1274388832
Angelo1210,312608498,-8742269211538593932,Buddybank codice amico,1274388832
ZioTammy,1298902351,-6566151338758617145,Buddybank codice amico,1274388832
castagnabao,413522297,-6101259161820043340,Buddybank codice amico,1274388832
Luka215,112080653,-1862700214468144496,Buddybank codice amico,1274388832
pixelmattohabbo,1783448333,-4069273499618890778,Buddybank codice amico,1274388832
Liccaldorosario,1718770891,7404685136756879259,Buddybank codice amico,1274388832
maros7o,593165678,-2635992735284500588,Buddybank codice amico,1274388832
YoghiKun,171413302,-4763835730889995577,Buddybank codice amico,1274388832
,1858655679,-2130348472529158677,Buddybank codice amico,1274388832
Valedrop,956067768,-1408255453359855826,Buddybank codice amico,1274388832
,690944631,-5950396466863699862,Buddybank codice amico,1274388832
robbitm,463692592,3158611289182119032,Buddybank codice amico,1274388832
,1952097915,4519107454433416931,Buddybank codice amico,1274388832
Hilbert_ita,197004019,-4412706320466140768,Buddybank codice amico,1274388832
KENTUCKY2001,691010088,5207759498538657916,Buddybank codice amico,1274388832
,742309103,12778609039027352,Buddybank codice amico,1274388832
dr_dexteer,690419064,6258793515684241421,Buddybank codice amico,1274388832
rtherai,1073300684,7846335003841211141,Buddybank codice amico,1274388832
,1409262187,8436492402736233611,Buddybank codice amico,1274388832
cosimoneymarjr,707411197,6981665583674421042,Buddybank codice amico,1274388832
parrillafrancesco,112274226,5702629350817006383,Buddybank codice amico,1274388832
FrancescoMagazzino,148809381,3593901914177823676,Buddybank codice amico,1274388832
risogallo1,1299844498,7094922432944125303,Buddybank codice amico,1274388832
Appappozze1997,912879594,4214500010497915294,Buddybank codice amico,1274388832
doraismyname,2046448892,-7348541655624209104,Buddybank codice amico,1274388832
Francepi12,1369842397,-2987274044792163886,Buddybank codice amico,1274388832
Schyzetto,194179772,8724018142366808819,Buddybank codice amico,1274388832
Lion969,305021805,-2147940076533917363,Buddybank codice amico,1274388832
sicolla,186110270,-4350307144878672913,Buddybank codice amico,1274388832
silviadeiuliis,898846766,1444305804028741471,Buddybank codice amico,1274388832
djdjdjdjroe,513804145,896493213905940902,Buddybank codice amico,1274388832
Alessandrov00,177001749,9137131135472153348,Buddybank codice amico,1274388832
,5156965578,-5891002448605192625,Buddybank codice amico,1274388832
,735819568,-35166384011008567,Buddybank codice amico,1274388832
kici13,505609318,-1267395107008649368,Buddybank codice amico,1274388832
Toruz3,934384494,7688836651670037750,Buddybank codice amico,1274388832
Caarmineee,120192347,-7222303757899396759,Buddybank codice amico,1274388832
papozzo98,195408567,7775956820496471298,Buddybank codice amico,1274388832
,1165195655,-1115953829996898305,Buddybank codice amico,1274388832
,1699625855,4527382198707290060,Buddybank codice amico,1274388832
iko17,173110312,-3088547829961568732,Buddybank codice amico,1274388832
alessiosrn,524237443,47889841785456321,Buddybank codice amico,1274388832
palmax99,143356878,-5116818446190268989,Buddybank codice amico,1274388832
simoneazt,1041022704,7462699233361677874,Buddybank codice amico,1274388832
,726646197,6116621604720247669,Buddybank codice amico,1274388832
,910695367,5057972538174961792,Buddybank codice amico,1274388832
,981307415,-8688831223402488600,Buddybank codice amico,1274388832
sickfonz,349517821,-3234832199534569421,Buddybank codice amico,1274388832
Raff033,870156486,769580221197555235,Buddybank codice amico,1274388832
ownfrabianca,691527494,6118692732217130335,Buddybank codice amico,1274388832
Angelo_Gaspar,1020333439,-5723975749623291467,Buddybank codice amico,1274388832
,605786865,5418799650244945880,Buddybank codice amico,1274388832
MrBotterPocker,1499184050,2968441077517250364,Buddybank codice amico,1274388832
FrankGrinka,228819824,3581884531779505561,Buddybank codice amico,1274388832
Bdany,447597387,3301112884339373031,Buddybank codice amico,1274388832
,141858173,7847813934239455583,Buddybank codice amico,1274388832
aldocascardo,774381726,-4278170473567461634,Buddybank codice amico,1274388832
mariocappiello,293942014,3144111136807924791,Buddybank codice amico,1274388832
Manusan00,368900918,3477500745714362765,Buddybank codice amico,1274388832
dennis0221,634503784,1604037797684714343,Buddybank codice amico,1274388832
M4tuu99,621677650,1800405913118138527,Buddybank codice amico,1274388832
,560234749,-5786105374576970079,Buddybank codice amico,1274388832
Pomis155,391596903,-4255719572047057457,Buddybank codice amico,1274388832
serena_corvino,1061468209,-5698742040983324857,Buddybank codice amico,1274388832
anto97019,307794867,-6179786498216769401,Buddybank codice amico,1274388832
dann229,173952317,7651342829570923384,Buddybank codice amico,1274388832
ganggang009,342193253,-3788320670631511827,Buddybank codice amico,1274388832
simone97xx,1077197544,-8304165993800364142,Buddybank codice amico,1274388832
matteoplcd,975215237,3006753848253635420,Buddybank codice amico,1274388832
samux00,549233457,9205922761773021602,Buddybank codice amico,1274388832
SimoneG18,510580440,-6561880630841058275,Buddybank codice amico,1274388832
,1681318140,-4990550102319192577,Buddybank codice amico,1274388832
enrio108,429871988,-2688608806649573818,Buddybank codice amico,1274388832
NinjaRui,453226109,5092112812702861917,Buddybank codice amico,1274388832
,2130612069,6495648651585949237,Buddybank codice amico,1274388832
lore1908,259992322,-6022554024852123978,Buddybank codice amico,1274388832
,910820077,140805532761589677,Buddybank codice amico,1274388832
ziomaik,469904134,-8806156397910211660,Buddybank codice amico,1274388832
,1824744757,5086628697688145497,Buddybank codice amico,1274388832
,458118875,2213331911011713078,Buddybank codice amico,1274388832
fgorc,233895877,-8362592237179093328,Buddybank codice amico,1274388832
Carmine_Vardy,487610096,-7915453657479810007,Buddybank codice amico,1274388832
luca_bruzzi,399656216,1083513415745825819,Buddybank codice amico,1274388832
,1855639755,3150227425725072068,Buddybank codice amico,1274388832
Bobszland,1025874174,-4893337734611857301,Buddybank codice amico,1274388832
,933269099,-4032314926170087563,Buddybank codice amico,1274388832
leonard01F,672692114,-1642957499126773536,Buddybank codice amico,1274388832
VamosIgnacio,337556916,-191914803757482325,Buddybank codice amico,1274388832
D4CKL4S,596009698,2485257453586310381,Buddybank codice amico,1274388832
elearnitaly,445840085,-6472132812521341180,Buddybank codice amico,1274388832
Micheleee33,1641694365,-907041640162608911,Buddybank codice amico,1274388832
giusconte,658459922,8951113940339440327,Buddybank codice amico,1274388832
Giada2012,1926997133,2587861617512934052,Buddybank codice amico,1274388832
manuelperaspera,240525808,-8672423901863879947,Buddybank codice amico,1274388832
paololambe,1279139041,-4832750226357958681,Buddybank codice amico,1274388832
Donnimapsdisara,844308465,4060458856618730223,Buddybank codice amico,1274388832
nonandarevia,487946515,1426872690202649035,Buddybank codice amico,1274388832
allinnnnnn0,1956739010,-7762895394441038829,Buddybank codice amico,1274388832
myboh9,380606047,-3453884549647771018,Buddybank codice amico,1274388832
Ferrax12,189692416,7474467141883604528,Buddybank codice amico,1274388832
ProHfx,1168470102,5035829117809193405,Buddybank codice amico,1274388832
Tudor2000,201714489,-8339260330933163663,Buddybank codice amico,1274388832
doe_eyes,770194980,-4864677534606372480,Buddybank codice amico,1274388832
,690557392,5495024536692846096,Buddybank codice amico,1274388832
MarioSorrentino01,903807160,-3412531646637758617,Buddybank codice amico,1274388832
iam_luca1,27706283,-5228481521251534494,Buddybank codice amico,1274388832
ashtax,732334204,3676581981795488119,Buddybank codice amico,1274388832
baccarin_marco,155040140,-6988002297230485786,Buddybank codice amico,1274388832
,244694617,-7640955057229478613,Buddybank codice amico,1274388832
MissErik99,257704762,-6945938156751939548,Buddybank codice amico,1274388832
mntluca7,638912883,-4090807241622467532,Buddybank codice amico,1274388832
pisooo,628194062,6659642714049219183,Buddybank codice amico,1274388832
Davide_Cx,305078862,954075581800361404,Buddybank codice amico,1274388832
Hey_Ricardo,271789204,-2344862576004502814,Buddybank codice amico,1274388832
,1447420372,3816195525889462639,Buddybank codice amico,1274388832
mariomirr,1486375846,-8397422577986256971,Buddybank codice amico,1274388832
ruff3,461450987,-7882481273429023436,Buddybank codice amico,1274388832
frankp14,752715165,-4772344686657848889,Buddybank codice amico,1274388832
nikghe,1840412240,-6055868407101555363,Buddybank codice amico,1274388832
,584677549,7744958989902780732,Buddybank codice amico,1274388832
luigi346651,1194102271,-2255140375441375745,Buddybank codice amico,1274388832
ErFreddo127,148407222,465760969165699593,Buddybank codice amico,1274388832
obikenoki,625814335,-6915178546035115217,Buddybank codice amico,1274388832
Emancry,468173099,664847707121019534,Buddybank codice amico,1274388832
,1003072108,8902940334506776084,Buddybank codice amico,1274388832
c1p_pr0,167303659,-6267413186649245613,Buddybank codice amico,1274388832
usernameperdome,313557867,6901933745340133020,Buddybank codice amico,1274388832
ilmitico90,540796479,-3206251371830153911,Buddybank codice amico,1274388832
domyc67,1708194960,-5794163908797165492,Buddybank codice amico,1274388832
antopica,393399952,-1046700703759892744,Buddybank codice amico,1274388832
ninox0,500827190,-6188591948670676129,Buddybank codice amico,1274388832
domenico_99,699047373,7571676510466406660,Buddybank codice amico,1274388832
morfos,144203008,-5209358596690894515,Buddybank codice amico,1274388832
carlof,829004682,-5146478317927696603,Buddybank codice amico,1274388832
vincenzo9933,615703479,725178804198247579,Buddybank codice amico,1274388832
YouSayGoooodAndISaySay10,607393925,-6746590272472237537,Buddybank codice amico,1274388832
antonioscuba,129117824,-7797918489815698523,Buddybank codice amico,1274388832
,1364548828,2412369333486561381,Buddybank codice amico,1274388832
batty64,796006994,-5334761017767503776,Buddybank codice amico,1274388832
,943415498,3609894855185653321,Buddybank codice amico,1274388832
LucaShaw,318749173,4170766897663394940,Buddybank codice amico,1274388832
,809623275,4957994459008805647,Buddybank codice amico,1274388832
,163707688,-8822652620095686769,Buddybank codice amico,1274388832
Bul2doz3r,201230079,1474100638704761877,Buddybank codice amico,1274388832
,1037422310,802595325124313098,Buddybank codice amico,1274388832
MbareAle,175471323,-928068424812847466,Buddybank codice amico,1274388832
pellet225,753241309,-9086295577977738300,Buddybank codice amico,1274388832
felicefalanga,519019445,-7214240780045931103,Buddybank codice amico,1274388832
suaroski,742704597,5717497124988905343,Buddybank codice amico,1274388832
Demmmms,326636101,6633045185270178208,Buddybank codice amico,1274388832
Gignak,787014263,-7729242501856001534,Buddybank codice amico,1274388832
,325166873,-1210627665287854065,Buddybank codice amico,1274388832
nathannng,1004549704,-4926541512446858579,Buddybank codice amico,1274388832
alessio_ce,267100974,3859414191229037802,Buddybank codice amico,1274388832
spacexdr4g0n,1576313943,2457138587163355148,Buddybank codice amico,1274388832
Filiii27,617360027,522535213547639798,Buddybank codice amico,1274388832
ehhsapessi,437274087,-987014090239478303,Buddybank codice amico,1274388832
UnluckyZowski,389685161,-1081362654244821598,Buddybank codice amico,1274388832
dakomy7,48902613,2760633591054319195,Buddybank codice amico,1274388832
,1022792933,4391345607393633708,Buddybank codice amico,1274388832
,806785991,-671931607777341922,Buddybank codice amico,1274388832
XPiero_05X,538164719,-3771743952916408763,Buddybank codice amico,1274388832
DeborohLaRoccia,116704269,-7557642129331621395,Buddybank codice amico,1274388832
WhiteShadowniko97,954441514,-5691374293673459920,Buddybank codice amico,1274388832
G4kki94motb,36923187,4970358159423366185,Buddybank codice amico,1274388832
CasuCasu,239053258,8557199006923177039,Buddybank codice amico,1274388832
,1043275519,7021729464280715188,Buddybank codice amico,1274388832
Sasso12,208732594,-6263940819178921642,Buddybank codice amico,1274388832
Maryang123,986044614,1819691970885496035,Buddybank codice amico,1274388832
Manuelton,202346671,3240050411416931238,Buddybank codice amico,1274388832
Itslexa,477553197,18229275752373267,Buddybank codice amico,1274388832
fabi_iola,1838480253,7885426716578747474,Buddybank codice amico,1274388832
luigiv01,628325965,6545714079446773839,Buddybank codice amico,1274388832
Jovlas94,498575212,9196635283375837365,Buddybank codice amico,1274388832
mirrors69,909270571,7727045093761545,Buddybank codice amico,1274388832
gsuehhsbdhdh,229726396,-4951924979458485448,Buddybank codice amico,1274388832
,2026795101,8772697671824206103,Buddybank codice amico,1274388832
sickc3rno,881546654,-2297284838417581191,Buddybank codice amico,1274388832
melis_99,492535458,4525811514089747563,Buddybank codice amico,1274388832
iv_m_94,390204587,-2228515148442767089,Buddybank codice amico,1274388832
mhaestruo,156076335,-4785486146221200596,Buddybank codice amico,1274388832
,1068791939,-8287684429183240294,Buddybank codice amico,1274388832
dalmo7,590219956,-1332708838336927551,Buddybank codice amico,1274388832
Emmgena,695006456,-3946305264635712949,Buddybank codice amico,1274388832
,1001611499,2049416259202444867,Buddybank codice amico,1274388832
Ernestocaros,947967218,7002369790728310843,Buddybank codice amico,1274388832
sabatells,212891271,-4280642310773811315,Buddybank codice amico,1274388832
Gius125,917327476,7480852723383059653,Buddybank codice amico,1274388832
telebestt,514723479,3575820940951318170,Buddybank codice amico,1274388832
,589532055,-6788680871198780410,Buddybank codice amico,1274388832
,645800209,-726975598628956510,Buddybank codice amico,1274388832
Danilo_Mis,510996296,1074799673397325304,Buddybank codice amico,1274388832
EffDee28,126203108,-1595525894987506849,Buddybank codice amico,1274388832
alessio0319,566407501,-6041913240189692863,Buddybank codice amico,1274388832
,181927560,-637783910752918438,Buddybank codice amico,1274388832
telegra10,733203252,-8385956384513489195,Buddybank codice amico,1274388832
ilmiousernamee,724260133,5757088552023713253,Buddybank codice amico,1274388832
vannopazziperilcocco,292324646,2516054758033226729,Buddybank codice amico,1274388832
Filippo_the_Woo,555119797,-2662963253690415329,Buddybank codice amico,1274388832
daltanious78,341476241,4371214109238457528,Buddybank codice amico,1274388832
F_r_a_n_c_e_s_c_o1,265938636,532386314370604159,Buddybank codice amico,1274388832
Arkitalia2000,1129110435,7144158608832758187,Buddybank codice amico,1274388832
faby0996,1048618166,1134228869223176599,Buddybank codice amico,1274388832
Ky_life,213150652,-8339456163819741022,Buddybank codice amico,1274388832
luigi07809,237152405,-5664075574941706004,Buddybank codice amico,1274388832
GiCa67,854352377,-2391802582036511906,Buddybank codice amico,1274388832
,667513945,2701155056472571658,Buddybank codice amico,1274388832
L30nardo02,231545686,-8833095684256111969,Buddybank codice amico,1274388832
salvolafa,179509868,-6961411725366099193,Buddybank codice amico,1274388832
qwertPaNi,85516743,-7465328239262793470,Buddybank codice amico,1274388832
Rodolfo950xl,46567842,-6943347285166092257,Buddybank codice amico,1274388832
chrisssssssssssssssss003,726402890,-1011384296815828054,Buddybank codice amico,1274388832
,529451672,-5703444450225128383,Buddybank codice amico,1274388832
bedboi,1707294462,965680744735009936,Buddybank codice amico,1274388832
,1767818105,5115751766445024198,Buddybank codice amico,1274388832
,922334020,-4593719802172427013,Buddybank codice amico,1274388832
,576313821,7125590234993875430,Buddybank codice amico,1274388832
leopiera,791499805,-3397796399404602418,Buddybank codice amico,1274388832
nothingelseover,948830087,1502692461730911686,Buddybank codice amico,1274388832
Checcologan,168047165,2931798411139496172,Buddybank codice amico,1274388832
destino88rm,1034966438,2089830859661392476,Buddybank codice amico,1274388832
,884694245,2442292587270510605,Buddybank codice amico,1274388832
,686342273,-4870053257356815718,Buddybank codice amico,1274388832
,746642502,7051021905024589319,Buddybank codice amico,1274388832
Erion_hallulli,509293361,3536739232394328362,Buddybank codice amico,1274388832
ThomasGav99,749996593,-1804859930646690952,Buddybank codice amico,1274388832
,725726988,-8380354949611460125,Buddybank codice amico,1274388832
,2056883809,-7811056551182750947,Buddybank codice amico,1274388832
mattsca1,188449286,8459199356803678685,Buddybank codice amico,1274388832
,1482814011,-9164036860592890236,Buddybank codice amico,1274388832
D1gon,682149946,3036594921887280714,Buddybank codice amico,1274388832
AdamKan5,1912852188,3206848938669036362,Buddybank codice amico,1274388832
Titti22,875583434,-141656569096345010,Buddybank codice amico,1274388832
,25982261,7871849763900034321,Buddybank codice amico,1274388832
Franmito,150012194,2543700967899495077,Buddybank codice amico,1274388832
officiallvenom,583240223,4123540953203126161,Buddybank codice amico,1274388832
,485396567,5252643693464594216,Buddybank codice amico,1274388832
nymo99,172322333,1847743517972676678,Buddybank codice amico,1274388832
CamilloPkmGo,448787688,6992273978436291696,Buddybank codice amico,1274388832
ghostxboy,2061559485,7842603434736839454,Buddybank codice amico,1274388832
Eneruilsupremo,683078831,481619919636074800,Buddybank codice amico,1274388832
schumi79,11200727,-6757637842913851907,Buddybank codice amico,1274388832
fratender,637171730,-6785835509339322944,Buddybank codice amico,1274388832
zapp1,246342924,-7413171592794325611,Buddybank codice amico,1274388832
bodster96,496056669,8486432636763756959,Buddybank codice amico,1274388832
GV_99_VG,882665448,-4955619750787903012,Buddybank codice amico,1274388832
massip995,955985847,-3875905602594681162,Buddybank codice amico,1274388832
,737925584,-7726093557757374280,Buddybank codice amico,1274388832
izare,26695712,-3213224758000223985,Buddybank codice amico,1274388832
,623856467,-7793236666038005370,Buddybank codice amico,1274388832
Guidothereal,508946802,-6055221576024086875,Buddybank codice amico,1274388832
SimoneBaccella,370066595,7303397604032775559,Buddybank codice amico,1274388832
ermesdj3,197112481,2409020758182663651,Buddybank codice amico,1274388832
Socra7es,768057048,-2745370779391255228,Buddybank codice amico,1274388832
lorenzorab,876825075,-6791152216971461945,Buddybank codice amico,1274388832
piynud,798910379,6069846979634454628,Buddybank codice amico,1274388832
gabeadkins,739412052,4369385083145815619,Buddybank codice amico,1274388832
,2038076737,-8496752792552738154,Buddybank codice amico,1274388832
Edooooo99,817818583,1581353547777672423,Buddybank codice amico,1274388832
Robyxwk,76291200,-9218038525334590114,Buddybank codice amico,1274388832
GildaMcQueen,340332650,-1956331094462725061,Buddybank codice amico,1274388832
,1548808586,1868802622837712674,Buddybank codice amico,1274388832
Framat32,395544546,-4407866805400105960,Buddybank codice amico,1274388832
nitio976,702474018,7044783835225131854,Buddybank codice amico,1274388832
JokerViirus,761759069,-6801813785501089898,Buddybank codice amico,1274388832
Kaizen0107,784646679,-8994668523261688342,Buddybank codice amico,1274388832
Sherlock72,759461571,1402127000027121392,Buddybank codice amico,1274388832
,675892043,-1899698218102707009,Buddybank codice amico,1274388832
epimor,138232810,458059944742231276,Buddybank codice amico,1274388832
,334795419,-282902255376737187,Buddybank codice amico,1274388832
NancyGuardascione,724638936,2000400204150668392,Buddybank codice amico,1274388832
oettam0022,1670905468,513458515437816599,Buddybank codice amico,1274388832
bhononti,457574712,6111507858521324524,Buddybank codice amico,1274388832
Gixanp,652001049,-3504643995898903477,Buddybank codice amico,1274388832
fraripetizioni,1036807724,5006761541357225240,Buddybank codice amico,1274388832
rafmr,417599233,5789844312085950030,Buddybank codice amico,1274388832
angiolettoh,243334580,-7314209957654748733,Buddybank codice amico,1274388832
Fraan_99,21228570,-1906991009327347882,Buddybank codice amico,1274388832
peppeeSss,168335117,8344781074378923376,Buddybank codice amico,1274388832
,712629048,-2801115245758858741,Buddybank codice amico,1274388832
salvatore981,133279938,-1175567255064448068,Buddybank codice amico,1274388832
yesisanakin,161589013,-8993139249464476241,Buddybank codice amico,1274388832
Giangi995,735535275,4398626859297570855,Buddybank codice amico,1274388832
JackAsc,463420436,-2704187486025377221,Buddybank codice amico,1274388832
AntonioCaruso7,497696058,-1174818458700976730,Buddybank codice amico,1274388832
filippovilla03,506349828,8937423839737513664,Buddybank codice amico,1274388832
seresab,971988229,225327210541625807,Buddybank codice amico,1274388832
moontso,216660065,8265474173483920180,Buddybank codice amico,1274388832
a11aa08,33870828,5253731679907649784,Buddybank codice amico,1274388832
Name_2109,760379720,8389673113329429266,Buddybank codice amico,1274388832
Laura_2000,264406124,-6498156405589797346,Buddybank codice amico,1274388832
AmnesiaS11,709664997,-4545120085386123123,Buddybank codice amico,1274388832
Jambo_8,520112842,-5986649143266813507,Buddybank codice amico,1274388832
Pimpxz,304334200,1051321632277497082,Buddybank codice amico,1274388832
Vincenzo2003610,183158142,-7919925769498566109,Buddybank codice amico,1274388832
Dexed91,12735912,5597877940236194902,Buddybank codice amico,1274388832
marcomolteni98,375277663,633501586112151218,Buddybank codice amico,1274388832
ARONPIIPER,1508807901,8685210811064796200,Buddybank codice amico,1274388832
,662382157,435390128651889937,Buddybank codice amico,1274388832
vituz97,219578564,2408514847306946427,Buddybank codice amico,1274388832
fraa88,16193943,9104877297349144091,Buddybank codice amico,1274388832
Giomass,251915909,8874450240707756798,Buddybank codice amico,1274388832
ZaCharyLewis,431626828,-5494042971820103883,Buddybank codice amico,1274388832
YassineAllam,32366289,8885383047462263217,Buddybank codice amico,1274388832
Yeezus_3010,393229706,-4978404232341504800,Buddybank codice amico,1274388832
PiEf10,972462374,7374397031266010123,Buddybank codice amico,1274388832
Ilbusa,163050011,-7350041022207322914,Buddybank codice amico,1274388832
TaiSola,421756832,4251577624065334116,Buddybank codice amico,1274388832
annachiara_gm,332334295,1037152963997765000,Buddybank codice amico,1274388832
SLOWN1,27318851,-8314890667508331446,Buddybank codice amico,1274388832
lester1234567,455914888,-5964458193804052639,Buddybank codice amico,1274388832
NonSoCosaPossoMettere,637046103,4789548269645368682,Buddybank codice amico,1274388832
,770237233,2144892298179969566,Buddybank codice amico,1274388832
sfola22,355014130,-7658768887991818451,Buddybank codice amico,1274388832
LucaBattista,112622161,-9041795026697719903,Buddybank codice amico,1274388832
martina3031,800626284,3523741230213333030,Buddybank codice amico,1274388832
anubidiocane,1330231978,-3621446046371861923,Buddybank codice amico,1274388832
,886750851,3140696230241093745,Buddybank codice amico,1274388832
GGPPPRTAA,133216464,-1893951239224451611,Buddybank codice amico,1274388832
daniheeel,663954960,-105385095471645894,Buddybank codice amico,1274388832
AC8819X,760858082,3624080449771923832,Buddybank codice amico,1274388832
Teko88,161002513,8626966504852726184,Buddybank codice amico,1274388832
,637742626,-816613595635680202,Buddybank codice amico,1274388832
,700349687,5087104532234145516,Buddybank codice amico,1274388832
Stada10,334209144,4029375005189425085,Buddybank codice amico,1274388832
thecity97,952884721,7393448576013964745,Buddybank codice amico,1274388832
francescadili00,656464201,4481938383700673592,Buddybank codice amico,1274388832
Roberto9900,318922238,-795579461407922518,Buddybank codice amico,1274388832
Frapplus,31130864,-56307902062521349,Buddybank codice amico,1274388832
RoccoPierri,854514036,6603081518740119416,Buddybank codice amico,1274388832
,1022718960,-4040388786142254198,Buddybank codice amico,1274388832
ohRosZ,628606407,-1106332217147110023,Buddybank codice amico,1274388832
foo5co,202775100,-753835320226928582,Buddybank codice amico,1274388832
falessia,989793419,-54984252796818863,Buddybank codice amico,1274388832
Yuzaku,845433932,-1875195058512725487,Buddybank codice amico,1274388832
Aluxxk,1798758003,-1422439558541395748,Buddybank codice amico,1274388832
zomedak98,890462484,-1764651007580337358,Buddybank codice amico,1274388832
fe_M4M,51057349,8490318436913840758,Buddybank codice amico,1274388832
ivanroc87,891576132,-345145655840291592,Buddybank codice amico,1274388832
,401866297,7437566341317071758,Buddybank codice amico,1274388832
TTBBLL1,1111887041,7725094994910728121,Buddybank codice amico,1274388832
C0R1X,184650894,-2101615634698706801,Buddybank codice amico,1274388832
Mapi_group,530058340,-3030117563481285835,Buddybank codice amico,1274388832
Milkovich890,1223707132,7982441452476978136,Buddybank codice amico,1274388832
Aligiugl,197716448,4763777773811110973,Buddybank codice amico,1274388832
,984839775,-723538781991777095,Buddybank codice amico,1274388832
nftsweeper,129622541,1308884578349008956,Buddybank codice amico,1274388832
iamsimone21,990074732,-7311686352092751408,Buddybank codice amico,1274388832
liann87,853341804,-4607263879065287069,Buddybank codice amico,1274388832
Ale5689h,557763456,7298274032295915990,Buddybank codice amico,1274388832
,152477135,8060206820566899698,Buddybank codice amico,1274388832
rickybart,289456491,-8615729245577169678,Buddybank codice amico,1274388832
Gio9090,980106835,6726730451409260195,Buddybank codice amico,1274388832
Ksero44,414897629,1919015131368259835,Buddybank codice amico,1274388832
enricogi73,54010194,-4374305223916456705,Buddybank codice amico,1274388832
,948228717,-18798599973713892,Buddybank codice amico,1274388832
,1305862456,-1251182940717002333,Buddybank codice amico,1274388832
Tacchinii45,484678017,8900585947305105225,Buddybank codice amico,1274388832
,1014020824,3150534552317083707,Buddybank codice amico,1274388832
Emalibrrr,366427991,-1806864720294387552,Buddybank codice amico,1274388832
lea031299,1104988119,1217562285891063055,Buddybank codice amico,1274388832
ibraaaa139,1248733984,3756949453974484243,Buddybank codice amico,1274388832
epiosh819asd,468992801,-1363128234193076543,Buddybank codice amico,1274388832
oCraf,1066852739,5948313323424012416,Buddybank codice amico,1274388832
,627578594,-7946735117051804432,Buddybank codice amico,1274388832
tuasorellaaaaaaa,472151054,-7557730744793910390,Buddybank codice amico,1274388832
,896996879,-3370220942274429865,Buddybank codice amico,1274388832
aighpanzer,18055772,5972322770357559550,Buddybank codice amico,1274388832
gianlucamarchese55,754405343,1236042262006209774,Buddybank codice amico,1274388832
Matteoc02,830917579,2433407384313842035,Buddybank codice amico,1274388832
domenicoizzo,363664816,7440138333347972637,Buddybank codice amico,1274388832
StormbreakerGroot,423233663,1994960357878035922,Buddybank codice amico,1274388832
Lucagig,536636560,5458988079195994194,Buddybank codice amico,1274388832
tistpuprolafamiglia,997788404,139632357400758101,Buddybank codice amico,1274388832
andor02,381940782,-7003262142554185870,Buddybank codice amico,1274388832
PshenAndriy,1026814544,7737309991706358097,Buddybank codice amico,1274388832
AlexiaC95,45515114,-7309282313615875223,Buddybank codice amico,1274388832
LORENZODANGELO100,1004694422,3251214714549824409,Buddybank codice amico,1274388832
RipEddy,25525877,4406280466348524093,Buddybank codice amico,1274388832
Gorwell1984e,325297622,6305263010285302893,Buddybank codice amico,1274388832
,644560335,-3951707897865267868,Buddybank codice amico,1274388832
Cash134,479536557,-240631068099038618,Buddybank codice amico,1274388832
Mikises,407304889,-2394719519193829569,Buddybank codice amico,1274388832
Princess92s,163139979,-4500994692068206226,Buddybank codice amico,1274388832
vallata,238173105,-4954287696187831771,Buddybank codice amico,1274388832
alfino8,407552981,-6823013557901339413,Buddybank codice amico,1274388832
mariacoppola01,1381211188,4084173058388434333,Buddybank codice amico,1274388832
,427587084,-6076654952197350060,Buddybank codice amico,1274388832
edvin02,257189494,-7122800385157648957,Buddybank codice amico,1274388832
Saxis,171974071,-1410317308547044041,Buddybank codice amico,1274388832
francescoricci2,719979980,2137916901173389975,Buddybank codice amico,1274388832
Clunkier,1181798771,-1404721842422926063,Buddybank codice amico,1274388832
erfreddoh,1176389054,-1659258492457216526,Buddybank codice amico,1274388832
Fra5698,118992972,300284636113583156,Buddybank codice amico,1274388832
antoniochianesee,687661341,-3941162703290394158,Buddybank codice amico,1274388832
sneakerslimitate,227783660,4218575547345068399,Buddybank codice amico,1274388832
,991402966,7590713245115588380,Buddybank codice amico,1274388832
hello9902,584955984,3389822581637498637,Buddybank codice amico,1274388832
Gio18108,553889720,-8881856317701313793,Buddybank codice amico,1274388832
Camill98,1353830818,6983377187101937822,Buddybank codice amico,1274388832
Pas1003,453847816,7703543368076778605,Buddybank codice amico,1274388832
Baulpa,804138008,-6713823246495684733,Buddybank codice amico,1274388832
abbro00,140434312,-6870320971025564250,Buddybank codice amico,1274388832
Deevide,535374725,-3118741320634435307,Buddybank codice amico,1274388832
Peppino_21,865508028,6459848370822287373,Buddybank codice amico,1274388832
palamattia,156185798,8958861030785806024,Buddybank codice amico,1274388832
RobertoDG,163069295,-7297617650988899703,Buddybank codice amico,1274388832
,995976617,-439109199862449115,Buddybank codice amico,1274388832
,510449059,3433552839585041134,Buddybank codice amico,1274388832
Asdrubale18,1017175568,-7621719959917788259,Buddybank codice amico,1274388832
,823230340,302447221458915830,Buddybank codice amico,1274388832
berzo81,22203996,7811796996819598368,Buddybank codice amico,1274388832
,990500789,-2099064129066395017,Buddybank codice amico,1274388832
Lorewaves,647999288,8534497336039884787,Buddybank codice amico,1274388832
cla1897,334460876,-4857502662049372889,Buddybank codice amico,1274388832
SebastianoCamasta,170929883,-892512696539353217,Buddybank codice amico,1274388832
genny924,561751096,-7942462781547372854,Buddybank codice amico,1274388832
Peppe667,1018466257,3227794280888014973,Buddybank codice amico,1274388832
castaldo,241899202,-3824696573117649739,Buddybank codice amico,1274388832
KUSH4L,1096908249,894648948159170325,Buddybank codice amico,1274388832
fasa_98,476307051,-2158679664942566745,Buddybank codice amico,1274388832
Sandrame22,196442997,1681221650550702078,Buddybank codice amico,1274388832
Dodo123r,591206740,-4975724534451605806,Buddybank codice amico,1274388832
Stiefanow,543153898,8469245303641937477,Buddybank codice amico,1274388832
Tophacker02,998113157,-6423462643930271318,Buddybank codice amico,1274388832
,42059826,7372368402966023266,Buddybank codice amico,1274388832
rosario_de_fazio,1036703120,-7677317500092894120,Buddybank codice amico,1274388832
,861177292,-5661638563750092526,Buddybank codice amico,1274388832
Gajes,753625396,7035138610060844019,Buddybank codice amico,1274388832
iLiuk,16767171,5477263319929684595,Buddybank codice amico,1274388832
fedee100,185370431,6847098177716965059,Buddybank codice amico,1274388832
Giaguareeno,1035823086,-4889901718497860560,Buddybank codice amico,1274388832
R9Malpelo9R,1077938637,1958209950327769889,Buddybank codice amico,1274388832
Sparks211,579812768,8245899762789749931,Buddybank codice amico,1274388832
pincopir,618195025,4827884782621003383,Buddybank codice amico,1274388832
mvk3r,961905335,9081542332351056015,Buddybank codice amico,1274388832
alefrau87,144484119,-4778117219573336174,Buddybank codice amico,1274388832
Princedevil777,902453515,-6245578879304111873,Buddybank codice amico,1274388832
,963954279,4709193366372685889,Buddybank codice amico,1274388832
,7374728,8266387841974494212,Buddybank codice amico,1274388832
inter97x,792954153,-7166730364158424244,Buddybank codice amico,1274388832
Dayn00,645626811,-1485428939336919708,Buddybank codice amico,1274388832
di_sa66,164010073,5497068977549096504,Buddybank codice amico,1274388832
Franci157,759882680,5925019668878999609,Buddybank codice amico,1274388832
simoneoscano,487669455,-1803954260017197715,Buddybank codice amico,1274388832
leon122346,1205095410,-3267706807962406169,Buddybank codice amico,1274388832
catwoman09,161639918,-5957079015325508053,Buddybank codice amico,1274388832
Valentinick,182855277,4046306894575448832,Buddybank codice amico,1274388832
DavideeC9,357512832,550095293481476203,Buddybank codice amico,1274388832
Peppuzz0,165688224,-7607718842917303996,Buddybank codice amico,1274388832
lochita95,966782660,779332433959394728,Buddybank codice amico,1274388832
Max14234,534969312,4213140545268052897,Buddybank codice amico,1274388832
Lizewski,166659093,3604506082359340858,Buddybank codice amico,1274388832
,529381658,1320849594846791462,Buddybank codice amico,1274388832
NFTCREATOR1,1230952794,-2272599508034316837,Buddybank codice amico,1274388832
adrianomandelli,150747067,928210443414135431,Buddybank codice amico,1274388832
Cybertram,131842713,5810465112953002889,Buddybank codice amico,1274388832
maioliegie,518849516,-8297257948386141576,Buddybank codice amico,1274388832
Paolina2180,1064719019,2678317143941830688,Buddybank codice amico,1274388832
SIIIMOOO,314874069,-7085531522486486229,Buddybank codice amico,1274388832
Ivan_Benda,272227694,-2964302821082887907,Buddybank codice amico,1274388832
bellamy3,729218034,-6926623170109000175,Buddybank codice amico,1274388832
Brunilde99,422623889,9201271068633587235,Buddybank codice amico,1274388832
wddb11,199038491,-3251840710293180612,Buddybank codice amico,1274388832
Phoenix_810,355282478,-6198285838323569607,Buddybank codice amico,1274388832
lucastellani,167489531,3038079632214268621,Buddybank codice amico,1274388832
antoelmejor,176337079,-4997218053466717516,Buddybank codice amico,1274388832
,377288548,-4670176146339573387,Buddybank codice amico,1274388832
lavrentijpolidori,345361003,1019856266642372411,Buddybank codice amico,1274388832
Guybrush84,415872450,-627032964632773879,Buddybank codice amico,1274388832
ZioFarout,128081173,796327503271484530,Buddybank codice amico,1274388832
cosimozac,398363082,-5126357869011046831,Buddybank codice amico,1274388832
MicheleDiDom,617256664,-503646253863942849,Buddybank codice amico,1274388832
Goldenjb,40542303,4662088876091398431,Buddybank codice amico,1274388832
GianVin96,188813741,7065139512225081637,Buddybank codice amico,1274388832
nikben999,390690235,424356134067366997,Buddybank codice amico,1274388832
Francescatrasolini,598976897,-860908982281851940,Buddybank codice amico,1274388832
nomadefeliz,166335593,-8812181095226148005,Buddybank codice amico,1274388832
ermilanese,954149406,1363654104631580,Buddybank codice amico,1274388832
Aspide84,119511197,8479189888441098497,Buddybank codice amico,1274388832
RollingMonte,146574621,-3725525884098307170,Buddybank codice amico,1274388832
